CGISAI,小区名称,小区ID,RAT,Frequency,经度,纬度,azmuith,SiteType,User Number,User segmentation1,Application,User segmentation2,Terminal Type,SiteName
6912A0013265C01,J65C01,1,4G,2100,117.06614,36.64805,0,0,23,Telco+OTT,抖音,,,JNLX0011-HWD391-FR01
6912A0013265C01,J65C01,1,4G,2100,117.06614,36.64805,0,1,33,省内不限量,王者荣耀,,,JNLX0011-HWD391-FR01
6912A0013265C01,J65C01,1,4G,2100,117.06614,36.64805,0,1,13,省内不限量,淘宝,,,JNLX0011-HWD391-FR01
6912A00131A5301,JA5301,2,4G,2100,117.065653,36.647515,340,1,20,国内不限量,抖音,,,JNLX0011-HWD390-FH01
6912A00131A5301,JA5301,2,4G,2100,117.065653,36.647515,340,1,75,省内不限量,抖音,,,JNLX0011-HWD390-FH01
6912A00131A5301,JA5301,2,4G,2100,117.065653,36.647515,340,1,30,Telco+OTT,王者荣耀,,,JNLX0011-HWD390-FH01
6912A00131A5302,JA5302,3,4G,2100,117.065653,36.647515,250,1,45,Telco+OTT,淘宝,,,JNLX0011-HWD390-FH01
6912A00131A5302,JA5302,3,4G,2100,117.065653,36.647515,130,1,15,国内不限量,王者荣耀,,,JNLX0011-HWD390-FH01
6912A00131A5302,JA5302,3,4G,2100,117.065653,36.647515,130,1,40,国内不限量,抖音,,,JNLX0011-HWD390-FH01
6912A00131A5302,JA5302,3,4G,2100,117.065653,36.647515,250,1,18,Telco+OTT,王者荣耀,,,JNLX0011-HWD390-FH01
6912A00131A5302,JA5302,3,4G,2100,117.065653,36.647515,130,1,45,省内不限量,抖音,,,JNLX0011-HWD390-FH01
6912A00131AD301,JAD301,1,4G,2100,117.065202,36.644659,0,1,405,国内不限量,头条,,,JNLX0447-HWD390-FHW02
6912A00131AD301,JAD301,1,4G,2100,117.065202,36.644659,0,1,87,Telco+OTT,微信,,,JNLX0447-HWD390-FHW02
6912A00131AD303,JAD303,3,4G,2100,117.065202,36.644659,210,1,37,Telco+OTT,抖音,,,JNLX0447-HWD390-FHW02
6912A00131AD303,JAD303,3,4G,2100,117.065202,36.644659,210,1,12,省内不限量,微信,,,JNLX0447-HWD390-FHW02
6912A001334820A,J4820A,1,4G,2100,117.065202,36.644659,0,0,2410,国内不限量,微信,,,JNLX0447-ZX8700-TH01
6912A0013348214,J48214,2,4G,2100,117.065202,36.644659,120,0,153,省内不限量,王者荣耀,,,JNLX0447-ZX8700-TH01
6912A001334821E,J4821E,3,4G,2100,117.065202,36.644659,240,1,62,Telco+OTT,抖音,,,JNLX0447-ZX8700-TH01
6912A0013332901,J32901,1,4G,2100,117.064813,36.642464,0,1,473,省内不限量,酷狗,,,JNLX0447-HWD391-F2RW02
6912A001333CB01,J3CB01,1,4G,2100,117.064813,36.642464,0,1,513,省内不限量,头条,,,JNLX0447-HWD391-FR04
6912A001333CB01,J3CB01,1,4G,2100,117.064813,36.642464,0,1,57,Telco+OTT,酷狗,,,JNLX0447-HWD391-FR04
6912A0013327A01,J27A01,1,4G,2100,117.06413,36.64156,50,1,68,Telco+OTT,微信,,,JNLX0447-HWD391-FH12
6912A0013327A02,J27A02,2,4G,2100,117.06413,36.64156,150,1,28,Telco+OTT,抖音,,,JNLX0447-HWD391-FH12
6912A0013327A02,J27A02,2,4G,2100,117.06413,36.64156,150,1,43,省内不限量,王者荣耀,,,JNLX0447-HWD391-FH12
6912A0013327A04,J27A04,4,4G,2100,117.06413,36.64156,50,1,325,国内不限量,淘宝,,,JNLX0447-HWD391-FH12
6912A001321D901,J1D901,1,4G,2100,117.063736,36.652958,0,1,12,Telco+OTT,酷狗,,,JNLX0397-HWD390-FHD03
6912A001321D902,J1D902,2,4G,2100,117.063736,36.652958,120,1,90,省内不限量,抖音,,,JNLX0397-HWD390-FHD03
6912A001321D903,J1D903,3,4G,2100,117.063736,36.652958,240,1,188,Telco+OTT,微信,,,JNLX0397-HWD390-FHD03
6912A001321D903,J1D903,3,4G,2100,117.063736,36.652958,240,1,10,Telco+OTT,抖音,,,JNLX0397-HWD390-FHD03
6912A001321D903,J1D903,3,4G,2100,117.063736,36.652958,240,1,85,省内不限量,微信,,,JNLX0397-HWD390-FHD03
6912A001331F601,J1F601,1,4G,2100,117.06247,36.65345,0,1,58,Telco+OTT,酷狗,,,JNLX0397-HWD391-FR10
6912A001331F601,J1F601,1,4G,2100,117.06247,36.65345,0,1,37,Telco+OTT,抖音,,,JNLX0397-HWD391-FR10
6912A001331F601,J1F601,1,4G,2100,117.06247,36.65345,0,0,773,省内不限量,淘宝,,,JNLX0397-HWD391-FR10
6912A00131ACA03,JACA03,3,4G,2100,117.062353,36.656991,240,1,42,省内不限量,抖音,,,JNLX0397-HWD390-FHD01
6912A00131ACA04,JACA04,4,4G,2100,117.062353,36.656991,340,1,35,Telco+OTT,微信,,,JNLX0397-HWD390-FHD01
6912A001327B101,J7B101,1,4G,2100,117.061774,36.649224,0,1,133,国内不限量,头条,,,JNLX0022-HWD391-FR01
6912A001327B101,J7B101,1,4G,2100,117.061774,36.649224,0,1,33,Telco+OTT,微信,,,JNLX0022-HWD391-FR01
6912A001327B101,J7B101,1,4G,2100,117.061774,36.649224,0,1,17,省内不限量,王者荣耀,,,JNLX0022-HWD391-FR01
6912A00131A8B01,JA8B01,1,4G,2100,117.06126,36.64469,0,1,23,国内不限量,王者荣耀,,,JNLX0153-HWD390-FH01
6912A00131A8B01,JA8B01,1,4G,2100,117.06126,36.64469,0,1,62,Telco+OTT,王者荣耀,,,JNLX0153-HWD390-FH01
6912A00131A8B02,JA8B02,2,4G,2100,117.06126,36.64469,150,0,50,Telco+OTT,王者荣耀,,,JNLX0153-HWD390-FH01
6912A00131A8B02,JA8B02,2,4G,2100,117.06126,36.64469,150,1,2,省内不限量,抖音,,,JNLX0153-HWD390-FH01
6912A00131A8B03,JA8B03,3,4G,2100,117.06126,36.64469,240,1,143,国内不限量,酷狗,,,JNLX0153-HWD390-FH01
6912A00131A8B03,JA8B03,3,4G,2100,117.06126,36.64469,240,1,42,省内不限量,酷狗,,,JNLX0153-HWD390-FH01
6912A00131A8B03,JA8B03,3,4G,2100,117.06126,36.64469,240,1,15,Telco+OTT,王者荣耀,,,JNLX0153-HWD390-FH01
6912A00131A8B03,JA8B03,3,4G,2100,117.06126,36.64469,240,1,293,省内不限量,抖音,,,JNLX0153-HWD390-FH01
6912A001333B001,J3B001,1,4G,2100,117.060691,36.642747,0,1,153,省内不限量,王者荣耀,,,JNLX0447-HWD391-FR03
6912A001333B001,J3B001,1,4G,2100,117.060691,36.642747,0,1,30,Telco+OTT,抖音,,,JNLX0447-HWD391-FR03
6912A001333B001,J3B001,1,4G,2100,117.060691,36.642747,0,0,53,省内不限量,淘宝,,,JNLX0447-HWD391-FR03
6912A001333B001,J3B001,1,4G,2100,117.060691,36.642747,0,0,43,国内不限量,微信,,,JNLX0447-HWD391-FR03
6912A00131AA601,JAA601,1,4G,2100,117.060009,36.649722,340,1,262,Telco+OTT,微信,,,JNLX0022-HWD390-FHD03
6912A00131AA602,JAA602,2,4G,2100,117.060009,36.649722,70,1,133,省内不限量,抖音,,,JNLX0022-HWD390-FHD03
6912A00131AA603,JAA603,3,4G,2100,117.060009,36.649722,180,1,7,Telco+OTT,王者荣耀,,,JNLX0022-HWD390-FHD03
6912A00131DE001,JDE001,1,4G,2100,117.05929,36.64207,310,1,37,省内不限量,微信,,,JNLX0447-HWD390-FHD08
6912A00131DE002,JDE002,2,4G,2100,117.05929,36.64207,140,1,10,Telco+OTT,抖音,,,JNLX0447-HWD390-FHD08
6912A00131DE002,JDE002,2,4G,2100,117.05929,36.64207,140,1,13,省内不限量,淘宝,,,JNLX0447-HWD390-FHD08
6912A00131DE003,JDE003,3,4G,2100,117.05929,36.64207,220,1,28,Telco+OTT,头条,,,JNLX0447-HWD390-FHD08
6912A00131DE003,JDE003,3,4G,2100,117.05929,36.64207,220,1,43,Telco+OTT,王者荣耀,,,JNLX0447-HWD390-FHD08
6912A00131A5A02,JA5A02,2,4G,2100,117.058457,36.657204,160,1,25,国内不限量,抖音,,,JNLX0041-HWD390-FHD02
6912A00131A5A02,JA5A02,2,4G,2100,117.058457,36.657204,160,1,1012,省内不限量,抖音,,,JNLX0041-HWD390-FHD02
6912A00131A5A02,JA5A02,2,4G,2100,117.058457,36.657204,160,0,62,Telco+OTT,淘宝,,,JNLX0041-HWD390-FHD02
6912A00131A5A03,JA5A03,3,4G,2100,117.058457,36.657204,270,1,293,Telco+OTT,王者荣耀,,,JNLX0041-HWD390-FHD02
6912A00131A5A03,JA5A03,3,4G,2100,117.058457,36.657204,270,1,565,省内不限量,抖音,,,JNLX0041-HWD390-FHD02
6912A0013290601,J90601,1,4G,2100,117.058192,36.649749,0,1,373,国内不限量,淘宝,,,JNLX0022-HWD391-FRD02
6912A0013290601,J90601,1,4G,2100,117.058192,36.649749,0,1,23,省内不限量,王者荣耀,,,JNLX0022-HWD391-FRD02
6912A0013290601,J90601,1,4G,2100,117.058192,36.649749,0,0,53,Telco+OTT,微信,,,JNLX0022-HWD391-FRD02
6912A0013290601,J90601,1,4G,2100,117.058192,36.649749,0,1,122,Telco+OTT,抖音,,,JNLX0022-HWD391-FRD02
6912A00131A5801,JA5801,1,4G,2100,117.05756,36.647451,20,1,40,Telco+OTT,王者荣耀,,,JNLX0022-HWD390-FH01
6912A00131A5801,JA5801,1,4G,2100,117.05756,36.647451,20,1,1080,国内不限量,抖音,,,JNLX0022-HWD390-FH01
6912A00131A5801,JA5801,1,4G,2100,117.05756,36.647451,20,1,22,省内不限量,抖音,,,JNLX0022-HWD390-FH01
6912A00131A5802,JA5802,2,4G,2100,117.05756,36.647451,120,1,48,Telco+OTT,王者荣耀,,,JNLX0022-HWD390-FH01
6912A00131A5802,JA5802,2,4G,2100,117.05756,36.647451,120,1,8,省内不限量,抖音,,,JNLX0022-HWD390-FH01
6912A00131A5803,JA5803,3,4G,2100,117.05756,36.647451,300,0,25,Telco+OTT,王者荣耀,,,JNLX0022-HWD390-FH01
6912A001328F601,J8F601,1,4G,2100,117.057267,36.650653,0,1,107,省内不限量,头条,,,JNLX0397-HWD391-F2RW07
6912A001320A802,J0A802,2,4G,2100,117.05711,36.65408,145,1,47,省内不限量,微信,,,JNLX0397-HWD390-FHD05
6912A001320A802,J0A802,2,4G,2100,117.05711,36.65408,145,1,32,Telco+OTT,头条,,,JNLX0397-HWD390-FHD05
6912A001320A802,J0A802,2,4G,2100,117.05711,36.65408,145,0,53,国内不限量,微信,,,JNLX0397-HWD390-FHD05
6912A001320A803,J0A803,3,4G,2100,117.05711,36.65408,245,1,30,Telco+OTT,抖音,,,JNLX0397-HWD390-FHD05
6912A00131AE701,JAE701,1,4G,2100,117.056121,36.649176,320,1,502,省内不限量,微信,,,JNLX0436-HWD390-FHD01
6912A00131AE702,JAE702,2,4G,2100,117.056121,36.649176,120,1,63,Telco+OTT,抖音,,,JNLX0436-HWD390-FHD01
6912A00131AE703,JAE703,3,4G,2100,117.056121,36.649176,230,1,38,国内不限量,抖音,,,JNLX0436-HWD390-FHD01
6912A001622E301,J2E301,1,4G,2100,117.054961,36.65243,0,1,853,国内不限量,酷狗,,,JNLX0397-HWD390-FR08
6912A001622E301,J2E301,1,4G,2100,117.054961,36.65243,0,1,667,省内不限量,头条,,,JNLX0397-HWD390-FR08
6912A001622E301,J2E301,1,4G,2100,117.054961,36.65243,0,1,25,Telco+OTT,微信,,,JNLX0397-HWD390-FR08
6912A001622E301,J2E301,1,4G,2100,117.054961,36.65243,0,1,308,省内不限量,王者荣耀,,,JNLX0397-HWD390-FR08
6912A001622FF01,J2FF01,1,4G,2100,117.053737,36.654265,0,1,327,Telco+OTT,抖音,,,JNLX0397-HWD390-FR02
6912A001622FF01,J2FF01,1,4G,2100,117.053737,36.654265,0,1,92,Telco+OTT,酷狗,,,JNLX0397-HWD390-FR02
6912A001622FF01,J2FF01,1,4G,2100,117.053737,36.654265,0,1,25,国内不限量,淘宝,,,JNLX0397-HWD390-FR02
6912A00131D2901,JD2901,1,4G,2100,117.05351,36.644295,260,1,47,省内不限量,抖音,,,JNLX0146-HWD391-FHD01
6912A00131D2902,JD2902,2,4G,2100,117.05351,36.644295,330,0,517,Telco+OTT,微信,,,JNLX0146-HWD391-FHD01
6912A0013292801,J92801,1,4G,2100,117.0532,36.6566,0,0,200,国内不限量,微信,,,JNLX0228-HWD390-FH04
6912A0013292802,J92802,2,4G,2100,117.0532,36.6566,120,1,67,省内不限量,王者荣耀,,,JNLX0228-HWD390-FH04
6912A0013292803,J92803,3,4G,2100,117.0532,36.6566,240,1,715,Telco+OTT,抖音,,,JNLX0228-HWD390-FH04
6912A00131A6001,JA6001,1,4G,2100,117.05191,36.648765,0,0,97,Telco+OTT,王者荣耀,,,JNLX0022-HWD390-FHD04
6912A00131A6002,JA6002,2,4G,2100,117.05191,36.648765,110,1,42,国内不限量,头条,,,JNLX0022-HWD390-FHD04
6912A001622FB01,J2FB01,1,4G,2100,117.05191,36.648765,0,1,20,Telco+OTT,抖音,,,JNLX0139-HWD390-FR01
6912A001622FB01,J2FB01,1,4G,2100,117.05191,36.648765,0,1,155,国内不限量,酷狗,,,JNLX0139-HWD390-FR01
6912A001622FB01,J2FB01,1,4G,2100,117.05191,36.648765,0,0,5,Telco+OTT,淘宝,,,JNLX0139-HWD390-FR01
6912A001622FC01,J2FC01,1,4G,2100,117.051041,36.654751,0,1,18,省内不限量,头条,,,JNLX0397-HWD390-FR01
6912A001622FC01,J2FC01,1,4G,2100,117.051041,36.654751,0,1,48,省内不限量,王者荣耀,,,JNLX0397-HWD390-FR01
6912A001622FC01,J2FC01,1,4G,2100,117.051041,36.654751,0,1,268,Telco+OTT,王者荣耀,,,JNLX0397-HWD390-FR01
6912A00131D7501,JD7501,1,4G,2100,117.05073,36.65279,30,1,127,Telco+OTT,王者荣耀,,,JNLX0031-HWD390-FH01
6912A00131D7502,JD7502,2,4G,2100,117.05073,36.65279,160,1,27,省内不限量,抖音,,,JNLX0031-HWD390-FH01
6912A00131D7503,JD7503,3,4G,2100,117.05073,36.65279,240,1,38,Telco+OTT,微信,,,JNLX0031-HWD390-FH01
6912A0013275D01,J75D01,1,4G,2100,117.050727,36.649128,0,1,32,Telco+OTT,酷狗,,,JNLX0136-HWD391-FR02
6912A0013275D01,J75D01,1,4G,2100,117.050727,36.649128,0,0,10,Other,头条,,,JNLX0136-HWD391-FR02
6912A001622E801,J2E801,1,4G,2100,117.050211,36.657985,0,0,40,Telco+OTT,酷狗,,,JNLX0031-HWD390-FR01
6912A001622E801,J2E801,1,4G,2100,117.050211,36.657985,0,0,77,国内不限量,淘宝,,,JNLX0031-HWD390-FR01
6912A001622E801,J2E801,1,4G,2100,117.050211,36.657985,0,1,85,Telco+OTT,抖音,,,JNLX0031-HWD390-FR01
6912A001331FE01,J1FE01,1,4G,2100,117.050192,36.645557,30,1,58,国内不限量,头条,,,JNLX0146-HWD391-FH02
6912A001331FE02,J1FE02,2,4G,2100,117.050192,36.645557,130,1,437,Telco+OTT,微信,,,JNLX0146-HWD391-FH02
6912A001331FE02,J1FE02,2,4G,2100,117.050192,36.645557,130,1,1225,省内不限量,王者荣耀,,,JNLX0146-HWD391-FH02
6912A001331FE03,J1FE03,3,4G,2100,117.050192,36.645557,220,0,67,Telco+OTT,抖音,,,JNLX0146-HWD391-FH02
6912A0013295C01,J95C01,1,4G,2100,117.04951,36.65686,0,1,435,省内不限量,王者荣耀,,,JNLX0031-HWD391-F2RW02
6912A00131D7001,JD7001,1,4G,2100,117.04936,36.656608,30,1,28,Telco+OTT,头条,,,JNLX0553-HWD390-FH01
6912A00131D7003,JD7003,3,4G,2100,117.04936,36.656608,240,1,75,省内不限量,微信,,,JNLX0553-HWD390-FH01
6912A00131D7003,JD7003,3,4G,2100,117.04936,36.656608,240,1,17,国内不限量,微信,,,JNLX0553-HWD390-FH01
6912A00131D7004,JD7004,4,4G,2100,117.04936,36.656608,300,1,28,Telco+OTT,抖音,,,JNLX0553-HWD390-FH01
6912A00131D7004,JD7004,4,4G,2100,117.04936,36.656608,300,1,40,国内不限量,抖音,,,JNLX0553-HWD390-FH01
6912A0013335101,J35101,1,4G,2100,117.049329,36.643477,0,1,8,国内不限量,淘宝,,,JNLX0522-HWD391-F2RW01
6912A0013335101,J35101,1,4G,2100,117.049329,36.643477,0,1,23,Telco+OTT,酷狗,,,JNLX0522-HWD391-F2RW01
6912A0013335101,J35101,1,4G,2100,117.049329,36.643477,0,1,290,省内不限量,头条,,,JNLX0522-HWD391-F2RW01
6912A00131C1602,JC1602,2,4G,2100,117.049162,36.641958,150,1,10,省内不限量,抖音,,,JNLX0161-HWD390-FHD02
6912A00131C1603,JC1603,3,4G,2100,117.049162,36.641958,230,1,337,省内不限量,抖音,,,JNLX0161-HWD390-FHD02
6912A00131E8601,JE8601,1,4G,2100,117.047678,36.647733,120,1,97,Telco+OTT,王者荣耀,,,JNLX0220-HWD390-FH02
6912A00131E8603,JE8603,3,4G,2100,117.047678,36.647733,0,1,7507,Telco+OTT,微信,,,JNLX0220-HWD390-FH02
6912A00131E8603,JE8603,3,4G,2100,117.047678,36.647733,0,1,1302,国内不限量,头条,,,JNLX0220-HWD390-FH02
6912A00131E8604,JE8604,4,4G,2100,117.047678,36.647733,240,1,1017,省内不限量,微信,,,JNLX0220-HWD390-FH02
6912A00131E4801,JE4801,1,4G,2100,117.04535,36.64261,60,1,58,国内不限量,微信,,,JNLX0161-HWD390-FHD05
6912A00131E4803,JE4803,3,4G,2100,117.04535,36.64261,330,1,65,省内不限量,微信,,,JNLX0161-HWD390-FHD05
6912A0013290705,J90705,5,4G,2100,117.045341,36.651775,120,0,77,省内不限量,酷狗,,,JNLX0239-HWD391-FHW20
6912A0013290706,J90706,6,4G,2100,117.045341,36.651775,280,0,5,Telco+OTT,头条,,,JNLX0239-HWD391-FHW20
6912A0013213701,J13701,1,4G,2100,117.04466,36.64574,350,1,88,省内不限量,淘宝,,,JNLX0161-HWD390-FHD03
6912A0013213702,J13702,2,4G,2100,117.04466,36.64574,140,1,693,国内不限量,头条,,,JNLX0161-HWD390-FHD03
6912A0013213702,J13702,2,4G,2100,117.04466,36.64574,140,1,22,Telco+OTT,酷狗,,,JNLX0161-HWD390-FHD03
6912A0013220701,J20701,1,4G,2100,117.0444,36.64338,0,1,27,Telco+OTT,头条,,,JNLX0161-HWD390-FR01
6912A0013220701,J20701,1,4G,2100,117.0444,36.64338,0,1,40,省内不限量,酷狗,,,JNLX0161-HWD390-FR01
6912A0013220701,J20701,1,4G,2100,117.0444,36.64338,0,1,203,国内不限量,微信,,,JNLX0161-HWD390-FR01
6912A0013220701,J20701,1,4G,2100,117.0444,36.64338,0,1,3,国内不限量,抖音,,,JNLX0161-HWD390-FR01
6912A001325A401,J5A401,1,4G,2100,117.04434,36.644545,0,0,128,国内不限量,淘宝,,,JNLX0146-HWD391-FR01
6912A001325A401,J5A401,1,4G,2100,117.04434,36.644545,0,0,15,Telco+OTT,抖音,,,JNLX0146-HWD391-FR01
6912A001325A401,J5A401,1,4G,2100,117.04434,36.644545,0,1,1272,省内不限量,酷狗,,,JNLX0146-HWD391-FR01
6912A001325A401,J5A401,1,4G,2100,117.04434,36.644545,0,1,42,省内不限量,王者荣耀,,,JNLX0146-HWD391-FR01
6912A00131A9601,JA9601,1,4G,2100,117.044226,36.64917,0,1,152,Telco+OTT,王者荣耀,,,JNLX0239-HWD390-FH05
6912A00131A9601,JA9601,1,4G,2100,117.044226,36.64917,0,0,18,省内不限量,抖音,,,JNLX0239-HWD390-FH05
6912A00131A9602,JA9602,2,4G,2100,117.044226,36.64917,110,1,80,Telco+OTT,王者荣耀,,,JNLX0239-HWD390-FH05
6912A00131A9603,JA9603,3,4G,2100,117.044226,36.64917,270,1,353,国内不限量,微信,,,JNLX0239-HWD390-FH05
6912A00131A9603,JA9603,3,4G,2100,117.044226,36.64917,270,1,22,Telco+OTT,淘宝,,,JNLX0239-HWD390-FH05
6912A00131AF901,JAF901,1,4G,2100,117.043842,36.657263,40,1,72,Telco+OTT,淘宝,,,JNLX0507-HWD390-FH01
6912A00131AF902,JAF902,2,4G,2100,117.043842,36.657263,160,1,257,省内不限量,抖音,,,JNLX0507-HWD390-FH01
6912A00131AF903,JAF903,3,4G,2100,117.043842,36.657263,300,1,28,Telco+OTT,微信,,,JNLX0507-HWD390-FH01
6912A0013320401,J20401,1,4G,2100,117.043205,36.647561,0,1,752,Telco+OTT,酷狗,,,JNLX0238-HWD391-F2R06
6912A0013320401,J20401,1,4G,2100,117.043205,36.647561,0,1,1922,省内不限量,头条,,,JNLX0238-HWD391-F2R06
6912A0013320401,J20401,1,4G,2100,117.043205,36.647561,0,1,97,国内不限量,淘宝,,,JNLX0238-HWD391-F2R06
6912A00131AB802,JAB802,2,4G,2100,117.042732,36.65403,130,1,267,省内不限量,抖音,,,JNLX0283-HWD390-FHD02
6912A00131AB803,JAB803,1,4G,2100,117.042732,36.65403,240,1,15,Telco+OTT,王者荣耀,,,JNLX0283-HWD390-FHD02
6912A001326BE01,J6BE01,1,4G,2100,117.04129,36.65497,0,0,28,Telco+OTT,微信,,,JNLX0142-HWD391-FR03
6912A001326BE01,J6BE01,1,4G,2100,117.04129,36.65497,0,1,17,Telco+OTT,抖音,,,JNLX0142-HWD391-FR03
6912A001326BE01,J6BE01,1,4G,2100,117.04129,36.65497,0,1,67,省内不限量,王者荣耀,,,JNLX0142-HWD391-FR03
6912A00131AC105,JAC105,5,4G,2100,117.040799,36.6506,30,1,35,国内不限量,酷狗,,,JNLX0547-HWD390-FHW03
6912A001334620A,J4620A,1,4G,2100,117.040799,36.6506,0,1,65,省内不限量,王者荣耀,,,JNLX0238-ZX8700-TH01
6912A001334620A,J4620A,1,4G,2100,117.040799,36.6506,0,1,58,Telco+OTT,微信,,,JNLX0238-ZX8700-TH01
6912A0013346214,J46214,2,4G,2100,117.040799,36.6506,60,1,2000,Telco+OTT,抖音,,,JNLX0238-ZX8700-TH01
6912A00131AD701,JAD701,1,4G,2100,117.040771,36.656641,40,1,358,国内不限量,酷狗,,,JNLX0145-HWD390-FHW04
6912A00131AD701,JAD701,1,4G,2100,117.040771,36.656641,40,1,48,Telco+OTT,淘宝,,,JNLX0145-HWD390-FHW04
6912A00131AD702,JAD702,2,4G,2100,117.040771,36.656641,120,1,28,Telco+OTT,微信,,,JNLX0145-HWD390-FHW04
6912A00131AD702,JAD702,2,4G,2100,117.040771,36.656641,120,1,455,省内不限量,抖音,,,JNLX0145-HWD390-FHW04
6912A00131AD703,JAD703,3,4G,2100,117.040771,36.656641,220,1,83,Telco+OTT,抖音,,,JNLX0145-HWD390-FHW04
6912A00131AD703,JAD703,3,4G,2100,117.040771,36.656641,220,1,407,省内不限量,微信,,,JNLX0145-HWD390-FHW04
6912A0013261401,J61401,1,4G,2100,117.039798,36.644873,0,1,8,Telco+OTT,酷狗,,,JNLX0238-HWD391-FRD05
6912A0013261401,J61401,1,4G,2100,117.039798,36.644873,0,1,88,国内不限量,淘宝,,,JNLX0238-HWD391-FRD05
6912A00131C1501,JC1501,1,4G,2100,117.0397,36.64917,0,1,85,Telco+OTT,头条,,,JNLX0238-HWD390-FR01
6912A00131C1501,JC1501,1,4G,2100,117.0397,36.64917,0,1,1453,国内不限量,微信,,,JNLX0238-HWD390-FR01
6912A0013265F01,J65F01,1,4G,2100,117.039417,36.657077,0,1,17,Telco+OTT,酷狗,,,JNLX0171-HWD391-FR02
6912A0013265F01,J65F01,1,4G,2100,117.039417,36.657077,0,1,245,Telco+OTT,头条,,,JNLX0171-HWD391-FR02
6912A0013265F01,J65F01,1,4G,2100,117.039417,36.657077,0,0,20,国内不限量,微信,,,JNLX0171-HWD391-FR02
6912A00131AA301,JAA301,1,4G,2100,117.039285,36.641888,350,0,10,Telco+OTT,淘宝,,,JNLX0142-HWD390-FH02
6912A00131AA302,JAA302,2,4G,2100,117.039285,36.641888,95,0,118,省内不限量,抖音,,,JNLX0142-HWD390-FH02
6912A6001325300,J25300,1,4G,2100,117.0392,36.6578,0,1,42,国内不限量,微信,,,JNLX0171-HWD391-FR01
6912A00131A9C01,JA9C01,1,4G,2100,117.0387,36.64844,20,1,108,Telco+OTT,王者荣耀,,,JNLX0220-HWD390-FH01
6912A00131A9C03,JA9C03,3,4G,2100,117.0387,36.64844,210,1,587,国内不限量,酷狗,,,JNLX0220-HWD390-FH01
6912A001334A20A,J4A20A,1,4G,2100,117.0387,36.64844,0,1,13,Telco+OTT,抖音,,,JNLX0220-ZX8700-TH01
6912A001334A20A,J4A20A,1,4G,2100,117.0387,36.64844,0,1,22,Telco+OTT,酷狗,,,JNLX0220-ZX8700-TH01
6912A001334A20A,J4A20A,1,4G,2100,117.0387,36.64844,0,0,28,省内不限量,淘宝,,,JNLX0220-ZX8700-TH01
6912A001334A214,J4A214,2,4G,2100,117.0387,36.64844,120,1,30,Telco+OTT,头条,,,JNLX0220-ZX8700-TH01
6912A001334A21E,J4A21E,3,4G,2100,117.0387,36.64844,240,1,2503,国内不限量,微信,,,JNLX0220-ZX8700-TH01
6912A00131A8501,JA8501,1,4G,2100,117.038215,36.644533,0,1,77,Telco+OTT,淘宝,,,JNLX0142-HWD390-FHD01
6912A00131A8501,JA8501,1,4G,2100,117.038215,36.644533,0,1,138,国内不限量,微信,,,JNLX0142-HWD390-FHD01
6912A00131A8501,JA8501,1,4G,2100,117.038215,36.644533,0,1,28,省内不限量,抖音,,,JNLX0142-HWD390-FHD01
6912A00131A8502,JA8502,2,4G,2100,117.038215,36.644533,120,1,200,Telco+OTT,王者荣耀,,,JNLX0142-HWD390-FHD01
6912A00131A8503,JA8503,3,4G,2100,117.038215,36.644533,240,1,28,Telco+OTT,王者荣耀,,,JNLX0142-HWD390-FHD01
6912A00131A8503,JA8503,3,4G,2100,117.038215,36.644533,240,1,73,省内不限量,抖音,,,JNLX0142-HWD390-FHD01
6912A0013224601,J24601,1,4G,2100,117.037345,36.647537,0,1,23,国内不限量,淘宝,,,JNLX0220-HWD390-FR02
6912A0013224601,J24601,1,4G,2100,117.037345,36.647537,0,1,398,Telco+OTT,酷狗,,,JNLX0220-HWD390-FR02
6912A00131A7E02,JA7E02,2,4G,2100,117.037016,36.652043,120,1,33,Telco+OTT,王者荣耀,,,JNLX0132-HWD390-FH01
6912A001334B514,J4B514,2,4G,2100,117.037016,36.652043,120,0,122,省内不限量,淘宝,,,JNLX0132-ZX8700-TH01
6912A0013333D01,J33D01,1,4G,2100,117.036157,36.647208,70,1,27,Telco+OTT,抖音,,,JNLX0238-HWD390-F2RW07
6912A00131AAF01,JAAF01,1,4G,2100,117.036086,36.656428,0,1,38,国内不限量,酷狗,,,JNLX0283-HWD390-FH01
6912A00131AAF02,JAAF02,2,4G,2100,117.036086,36.656428,120,1,50,省内不限量,酷狗,,,JNLX0283-HWD390-FH01
6912A00131AAF02,JAAF02,2,4G,2100,117.036086,36.656428,120,1,55,Telco+OTT,淘宝,,,JNLX0283-HWD390-FH01
6912A00131AAF02,JAAF02,2,4G,2100,117.036086,36.656428,120,1,108,Telco+OTT,淘宝,,,JNLX0283-HWD390-FH01
6912A00131AC305,JAC305,5,4G,2100,117.035995,36.649359,250,1,188,Telco+OTT,淘宝,,,JNLX0145-HWD390-FHW02
6912A00131A6203,JA6203,3,4G,2100,117.035807,36.644152,240,1,612,省内不限量,抖音,,,JNLX0047-HWD390-FH01
6912A00131A6203,JA6203,3,4G,2100,117.035807,36.644152,240,1,22,Telco+OTT,王者荣耀,,,JNLX0047-HWD390-FH01
6912A00131A6204,JA6204,4,4G,2100,117.035807,36.644152,0,1,122,Telco+OTT,王者荣耀,,,JNLX0047-HWD390-FH01
6912A00131A6204,JA6204,4,4G,2100,117.035807,36.644152,0,1,38,国内不限量,王者荣耀,,,JNLX0047-HWD390-FH01
6912A00131C2201,JC2201,1,4G,2100,117.035608,36.647146,0,1,98,Telco+OTT,淘宝,,,JNLX0238-HWD390-FR03
6912A00131BDE01,JBDE01,1,4G,2100,117.0342,36.64102,350,0,5,Telco+OTT,微信,,,JNLX0239-HWD390-FH09
6912A00131BDE05,JBDE05,5,4G,2100,117.0342,36.64102,120,0,28,省内不限量,微信,,,JNLX0239-HWD390-FH09
6912A00131BDE06,JBDE06,6,4G,2100,117.0342,36.64102,250,0,30,Telco+OTT,抖音,,,JNLX0239-HWD390-FH09
6912A00131ADE01,JADE01,1,4G,2100,117.033628,36.647096,330,1,110,省内不限量,酷狗,,,JNLX0238-HWD390-FH01
6912A00131ADE01,JADE01,1,4G,2100,117.033628,36.647096,330,1,7,国内不限量,酷狗,,,JNLX0238-HWD390-FH01
6912A00131ADE02,JADE02,2,4G,2100,117.033628,36.647096,165,1,805,Telco+OTT,淘宝,,,JNLX0238-HWD390-FH01
6912A00131ADE03,JADE03,3,4G,2100,117.033628,36.647096,240,1,1123,国内不限量,微信,,,JNLX0238-HWD390-FH01
6912A0013335A01,J35A01,1,4G,2100,117.033527,36.657649,60,1,75,Telco+OTT,微信,,,JNLX0386-HWD391-FHW07
6912A0013335A01,J35A01,1,4G,2100,117.033527,36.657649,60,1,23,省内不限量,王者荣耀,,,JNLX0386-HWD391-FHW07
6912A0013335A01,J35A01,1,4G,2100,117.033527,36.657649,60,1,30,Telco+OTT,抖音,,,JNLX0386-HWD391-FHW07
6912A0013335A02,J35A02,2,4G,2100,117.033527,36.657649,180,0,422,省内不限量,淘宝,,,JNLX0386-HWD391-FHW07
6912A0013335A03,J35A03,3,4G,2100,117.033527,36.657649,250,1,28,Telco+OTT,酷狗,,,JNLX0386-HWD391-FHW07
6912A0013273901,J73901,1,4G,2100,117.033244,36.647612,0,1,25,省内不限量,淘宝,,,JNLX0142-HWD391-FR06
6912A0013273901,J73901,1,4G,2100,117.033244,36.647612,0,1,67,Telco+OTT,抖音,,,JNLX0142-HWD391-FR06
6912A00131A8701,JA8701,1,4G,2100,117.0327,36.65485,350,1,12,国内不限量,头条,,,JNLX0145-HWD390-FH01
6912A00131A8701,JA8701,1,4G,2100,117.0327,36.65485,350,1,68,Telco+OTT,王者荣耀,,,JNLX0145-HWD390-FH01
6912A00131A8703,JA8703,3,4G,2100,117.0327,36.65485,240,1,45,省内不限量,抖音,,,JNLX0145-HWD390-FH01
6912A00131C5704,JC5704,4,4G,2100,117.032654,36.651546,0,1,130,Telco+OTT,微信,,,JNLX0391-HWD390-FHD03
6912A00131C5705,JC5705,5,4G,2100,117.032654,36.651546,120,1,260,Telco+OTT,抖音,,,JNLX0391-HWD390-FHD03
6912A00131C5705,JC5705,5,4G,2100,117.032654,36.651546,120,1,7,省内不限量,微信,,,JNLX0391-HWD390-FHD03
6912A00131C5706,JC5706,6,4G,2100,117.032654,36.651546,240,0,80,Telco+OTT,王者荣耀,,,JNLX0391-HWD390-FHD03
6912A00131C5706,JC5706,6,4G,2100,117.032654,36.651546,240,1,108,国内不限量,抖音,,,JNLX0391-HWD390-FHD03
6912A00131FE001,JFE001,1,4G,2100,117.0319,36.64391,30,1,177,Telco+OTT,微信,,,JNLX0016-HWD390-FH01
6912A00131FE003,JFE003,3,4G,2100,117.0319,36.64391,230,1,63,省内不限量,微信,,,JNLX0016-HWD390-FH01
6912A0016232301,J32301,1,4G,2100,117.031722,36.65795,0,1,42,Telco+OTT,淘宝,,,JNLX0145-HWD390-FR03
6912A0016232301,J32301,1,4G,2100,117.031722,36.65795,0,1,13,Telco+OTT,头条,,,JNLX0145-HWD390-FR03
6912A0016232301,J32301,1,4G,2100,117.031722,36.65795,0,1,43,省内不限量,酷狗,,,JNLX0145-HWD390-FR03
6912A0016232301,J32301,1,4G,2100,117.031722,36.65795,0,1,248,省内不限量,抖音,,,JNLX0145-HWD390-FR03
6912A00131A9901,JA9901,1,4G,2100,117.0314,36.6493,340,1,48,省内不限量,抖音,,,JNLX0208-HWD390-FHD01
6912A00131A9902,JA9902,2,4G,2100,117.0314,36.6493,140,1,2,Telco+OTT,淘宝,,,JNLX0208-HWD390-FHD01
6912A00131A9902,JA9902,2,4G,2100,117.0314,36.6493,140,1,3162,Telco+OTT,王者荣耀,,,JNLX0208-HWD390-FHD01
6912A00131A9902,JA9902,2,4G,2100,117.0314,36.6493,140,0,48,省内不限量,抖音,,,JNLX0208-HWD390-FHD01
6912A00131A9903,JA9903,3,4G,2100,117.0314,36.6493,260,1,3,Telco+OTT,王者荣耀,,,JNLX0208-HWD390-FHD01
6912A00131A9903,JA9903,3,4G,2100,117.0314,36.6493,260,1,20,国内不限量,头条,,,JNLX0208-HWD390-FHD01
6912A00131A9903,JA9903,3,4G,2100,117.0314,36.6493,260,1,37,省内不限量,抖音,,,JNLX0208-HWD390-FHD01
6912A001622FA01,J2FA01,1,4G,2100,117.030036,36.648915,0,1,40,省内不限量,头条,,,JNSZ0020-HWD390-FR01
6912A001622FA01,J2FA01,1,4G,2100,117.030036,36.648915,0,1,8,Telco+OTT,王者荣耀,,,JNSZ0020-HWD390-FR01
6912A001622FA01,J2FA01,1,4G,2100,117.030036,36.648915,0,1,748,省内不限量,王者荣耀,,,JNSZ0020-HWD390-FR01
6912A00131ACF01,JACF01,1,4G,2100,117.029992,36.646614,30,1,22,省内不限量,抖音,,,JNLX0239-HWD390-FHD04
6912A00131ACF02,JACF02,2,4G,2100,117.029992,36.646614,140,1,37,Telco+OTT,抖音,,,JNLX0239-HWD390-FHD04
6912A00131ACF03,JACF03,3,4G,2100,117.029992,36.646614,210,1,22,Telco+OTT,淘宝,,,JNLX0239-HWD390-FHD04
6912A00131ACF03,JACF03,3,4G,2100,117.029992,36.646614,210,1,15,省内不限量,微信,,,JNLX0239-HWD390-FHD04
6912A00131ACF03,JACF03,3,4G,2100,117.029992,36.646614,210,1,15,国内不限量,微信,,,JNLX0239-HWD390-FHD04
6912A00131ACF03,JACF03,3,4G,2100,117.029992,36.646614,210,1,468,省内不限量,抖音,,,JNLX0239-HWD390-FHD04
6912A0013226401,J26401,1,4G,2100,117.029944,36.653469,0,1,1305,Telco+OTT,微信,,,JNLX0239-HWD390-FR05
6912A0013226401,J26401,1,4G,2100,117.029944,36.653469,0,0,212,省内不限量,头条,,,JNLX0239-HWD390-FR05
6912A0013226401,J26401,1,4G,2100,117.029944,36.653469,0,0,132,省内不限量,微信,,,JNLX0239-HWD390-FR05
6912A00131A5604,JA5604,1,4G,2100,117.029,36.65294,340,1,2342,省内不限量,抖音,,,JNLX0020-HWD390-FH01
6912A00131A5604,JA5604,1,4G,2100,117.029,36.65294,340,1,37,Telco+OTT,王者荣耀,,,JNLX0020-HWD390-FH01
6912A00131A5606,JA5606,1,4G,2100,117.029,36.65294,180,1,10,国内不限量,王者荣耀,,,JNLX0020-HWD390-FH01
6912A00131A5606,JA5606,1,4G,2100,117.029,36.65294,180,1,7,Telco+OTT,王者荣耀,,,JNLX0020-HWD390-FH01
6912A00131B6601,JB6601,1,4G,2100,117.028856,36.657403,0,1,32,Telco+OTT,微信,,,JNSZ0108-HWD390-FHD04
6912A00131B6602,JB6602,2,4G,2100,117.028856,36.657403,100,0,75,Telco+OTT,抖音,,,JNSZ0108-HWD390-FHD04
6912A00131B6602,JB6602,2,4G,2100,117.028856,36.657403,100,1,33,省内不限量,微信,,,JNSZ0108-HWD390-FHD04
6912A00131B6603,JB6603,3,4G,2100,117.028856,36.657403,185,1,168,国内不限量,抖音,,,JNSZ0108-HWD390-FHD04
6912A00131B6604,JB6604,4,4G,2100,117.028856,36.657403,270,1,1227,Telco+OTT,淘宝,,,JNSZ0108-HWD390-FHD04
6912A00131BDC04,JBDC04,4,4G,2100,117.02868,36.64221,340,1,195,省内不限量,酷狗,,,JNLX0239-HWD390-FH07
6912A00131BDC05,JBDC05,5,4G,2100,117.02868,36.64221,170,0,33,省内不限量,微信,,,JNLX0239-HWD390-FH07
6912A00131BDC05,JBDC05,5,4G,2100,117.02868,36.64221,170,1,712,国内不限量,微信,,,JNLX0239-HWD390-FH07
6912A00131BDC05,JBDC05,5,4G,2100,117.02868,36.64221,170,1,252,Telco+OTT,头条,,,JNLX0239-HWD390-FH07
6912A00131BDC06,JBDC06,6,4G,2100,117.02868,36.64221,240,1,25,Telco+OTT,抖音,,,JNLX0239-HWD390-FH07
6912A00131BDC06,JBDC06,6,4G,2100,117.02868,36.64221,240,1,160,国内不限量,抖音,,,JNLX0239-HWD390-FH07
6912A00131BDD01,JBDD01,1,4G,2100,117.02868,36.64221,340,1,5,Telco+OTT,淘宝,,,JNLX0239-HWD390-FH08
6912A00131BDD05,JBDD05,5,4G,2100,117.02868,36.64221,170,1,465,省内不限量,抖音,,,JNLX0239-HWD390-FH08
6912A00131B5B01,JB5B01,1,4G,2100,117.0264,36.655714,30,1,238,省内不限量,抖音,,,JNSZ0108-HWD390-FHD05
6912A00131B5B02,JB5B02,2,4G,2100,117.0264,36.655714,320,1,38,省内不限量,抖音,,,JNSZ0108-HWD390-FHD05
6912A0013202501,J02501,1,4G,2100,117.02635,36.64555,210,1,1047,Telco+OTT,王者荣耀,,,JNLX0239-HWD390-FHD14
6912A0013202501,J02501,1,4G,2100,117.02635,36.64555,210,1,63,国内不限量,抖音,,,JNLX0239-HWD390-FHD14
6912A0013202502,J02502,2,4G,2100,117.02635,36.64555,120,1,37,省内不限量,抖音,,,JNLX0239-HWD390-FHD14
6912A0013202502,J02502,2,4G,2100,117.02635,36.64555,120,1,405,Telco+OTT,微信,,,JNLX0239-HWD390-FHD14
6912A0013202503,J02503,3,4G,2100,117.02635,36.64555,340,1,67,Telco+OTT,抖音,,,JNLX0239-HWD390-FHD14
6912A0013202503,J02503,3,4G,2100,117.02635,36.64555,340,1,97,省内不限量,微信,,,JNLX0239-HWD390-FHD14
6912A00131A7C01,JA7C01,1,4G,2100,117.026289,36.648888,350,1,273,Telco+OTT,王者荣耀,,,JNLX0128-HWD390-FH01
6912A00131A7C01,JA7C01,1,4G,2100,117.026289,36.648888,350,1,3017,省内不限量,抖音,,,JNLX0128-HWD390-FH01
6912A001622EA01,J2EA01,1,4G,2100,117.02594,36.647777,0,1,492,省内不限量,头条,,,JNLX0128-HWD390-FR01
6912A001622EA01,J2EA01,1,4G,2100,117.02594,36.647777,0,1,18,Telco+OTT,王者荣耀,,,JNLX0128-HWD390-FR01
6912A001622EA01,J2EA01,1,4G,2100,117.02594,36.647777,0,1,35,国内不限量,王者荣耀,,,JNLX0128-HWD390-FR01
6912A001622EA01,J2EA01,1,4G,2100,117.02594,36.647777,0,1,70,Telco+OTT,酷狗,,,JNLX0128-HWD390-FR01
6912A001622EA01,J2EA01,1,4G,2100,117.02594,36.647777,0,1,5,Telco+OTT,抖音,,,JNLX0128-HWD390-FR01
6912A001622EA01,J2EA01,1,4G,2100,117.02594,36.647777,0,1,12,省内不限量,淘宝,,,JNLX0128-HWD390-FR01
6912A001331EB01,J1EB01,1,4G,2100,117.025634,36.650358,0,1,17,省内不限量,王者荣耀,,,JNLX0020-HWD391-F2RW03
6912A001331EB01,J1EB01,1,4G,2100,117.025634,36.650358,0,1,3,国内不限量,微信,,,JNLX0020-HWD391-F2RW03
6912A001326A003,J6A003,3,4G,2100,117.025425,36.652905,0,1,12,Telco+OTT,酷狗,,,JNLX0239-HWD391-FR08
6912A001326A003,J6A003,3,4G,2100,117.025425,36.652905,0,1,47,省内不限量,淘宝,,,JNLX0239-HWD391-FR08
6912A001326A003,J6A003,3,4G,2100,117.025425,36.652905,0,1,645,国内不限量,头条,,,JNLX0239-HWD391-FR08
6912A001622EB01,J2EB01,1,4G,2100,117.025251,36.651036,0,1,2,国内不限量,王者荣耀,,,JNLX0020-HWD390-FR02
6912A001622EB01,J2EB01,1,4G,2100,117.025251,36.651036,0,1,32,Telco+OTT,王者荣耀,,,JNLX0020-HWD390-FR02
6912A0013197101,J97101,1,4G,2100,117.02493,36.64769,70,1,60,Telco+OTT,王者荣耀,,,JNLX0239-HWD390-FH01
6912A0013197101,J97101,1,4G,2100,117.02493,36.64769,70,1,10,省内不限量,抖音,,,JNLX0239-HWD390-FH01
6912A0013197101,J97101,1,4G,2100,117.02493,36.64769,70,1,133,国内不限量,抖音,,,JNLX0239-HWD390-FH01
6912A0013197101,J97101,1,4G,2100,117.02493,36.64769,70,1,18,Telco+OTT,淘宝,,,JNLX0239-HWD390-FH01
6912A001334B80A,J4B80A,1,4G,2100,117.02493,36.64769,0,1,11,国内不限量,头条,,,JNLX0239-ZX8700-TH01
6912A001334B80A,J4B80A,1,4G,2100,117.02493,36.64769,0,1,18,Telco+OTT,微信,,,JNLX0239-ZX8700-TH01
6912A001334B80A,J4B80A,1,4G,2100,117.02493,36.64769,0,1,4,省内不限量,王者荣耀,,,JNLX0239-ZX8700-TH01
6912A001334B814,J4B814,2,4G,2100,117.02493,36.64769,120,1,462,Telco+OTT,抖音,,,JNLX0239-ZX8700-TH01
6912A001334B81E,J4B81E,3,4G,2100,117.02493,36.64769,240,1,31,Telco+OTT,淘宝,,,JNLX0239-ZX8700-TH01
